Target,Target_Namespace,Target_Type,Target_Method,Job_Id,Job_AnalyzeLaunchVariance,Job_EvaluateOverhead,Job_MaxAbsoluteError,Job_MaxRelativeError,Job_MinInvokeCount,Job_MinIterationTime,Job_OutlierMode,Job_Affinity,Job_EnvironmentVariables,Job_Jit,Job_Platform,Job_PowerPlanMode,Job_Runtime,Job_AllowVeryLargeObjects,Job_Concurrent,Job_CpuGroups,Job_Force,Job_HeapAffinitizeMask,Job_HeapCount,Job_NoAffinitize,Job_RetainVm,Job_Server,Job_Arguments,Job_BuildConfiguration,Job_Clock,Job_EngineFactory,Job_NuGetReferences,Job_Toolchain,Job_IsMutator,Job_InvocationCount,Job_IterationCount,Job_IterationTime,Job_LaunchCount,Job_MaxIterationCount,Job_MaxWarmupIterationCount,Job_MinIterationCount,Job_MinWarmupIterationCount,Job_RunStrategy,Job_UnrollFactor,Job_WarmupCount,Job_Display,Params,Measurement_LaunchIndex,Measurement_IterationMode,Measurement_IterationStage,Measurement_IterationIndex,Measurement_Nanoseconds,Measurement_Operations,Measurement_Value
SerializerReadBenchmark.Read,RDFSharp.Benchmarks,SerializerReadBenchmark,Read,DefaultJob,Default,Default,Default,Default,Default,Default,Default,Default,Default,Default,Default,Default,Default,Default,Default,Default,Default,Default,Default,Default,Default,Default,Default,Default,Default,Default,Default,Default,Default,Default,Default,Default,Default,Default,Default,Default,Default,Default,Default,Default,DefaultJob,"InputFile=(Samples/dbpediaNTriples.zip, NTriples)",1,Overhead,Jitting,1,277500,1,277500
SerializerReadBenchmark.Read,RDFSharp.Benchmarks,SerializerReadBenchmark,Read,DefaultJob,Default,Default,Default,Default,Default,Default,Default,Default,Default,Default,Default,Default,Default,Default,Default,Default,Default,Default,Default,Default,Default,Default,Default,Default,Default,Default,Default,Default,Default,Default,Default,Default,Default,Default,Default,Default,Default,Default,Default,Default,DefaultJob,"InputFile=(Samples/dbpediaNTriples.zip, NTriples)",1,Workload,Jitting,1,557131900,1,557131900
SerializerReadBenchmark.Read,RDFSharp.Benchmarks,SerializerReadBenchmark,Read,DefaultJob,Default,Default,Default,Default,Default,Default,Default,Default,Default,Default,Default,Default,Default,Default,Default,Default,Default,Default,Default,Default,Default,Default,Default,Default,Default,Default,Default,Default,Default,Default,Default,Default,Default,Default,Default,Default,Default,Default,Default,Default,DefaultJob,"InputFile=(Samples/dbpediaNTriples.zip, NTriples)",1,Workload,Warmup,1,410525400,1,410525400
SerializerReadBenchmark.Read,RDFSharp.Benchmarks,SerializerReadBenchmark,Read,DefaultJob,Default,Default,Default,Default,Default,Default,Default,Default,Default,Default,Default,Default,Default,Default,Default,Default,Default,Default,Default,Default,Default,Default,Default,Default,Default,Default,Default,Default,Default,Default,Default,Default,Default,Default,Default,Default,Default,Default,Default,Default,DefaultJob,"InputFile=(Samples/dbpediaNTriples.zip, NTriples)",1,Workload,Warmup,2,392368000,1,392368000
SerializerReadBenchmark.Read,RDFSharp.Benchmarks,SerializerReadBenchmark,Read,DefaultJob,Default,Default,Default,Default,Default,Default,Default,Default,Default,Default,Default,Default,Default,Default,Default,Default,Default,Default,Default,Default,Default,Default,Default,Default,Default,Default,Default,Default,Default,Default,Default,Default,Default,Default,Default,Default,Default,Default,Default,Default,DefaultJob,"InputFile=(Samples/dbpediaNTriples.zip, NTriples)",1,Workload,Warmup,3,408678500,1,408678500
SerializerReadBenchmark.Read,RDFSharp.Benchmarks,SerializerReadBenchmark,Read,DefaultJob,Default,Default,Default,Default,Default,Default,Default,Default,Default,Default,Default,Default,Default,Default,Default,Default,Default,Default,Default,Default,Default,Default,Default,Default,Default,Default,Default,Default,Default,Default,Default,Default,Default,Default,Default,Default,Default,Default,Default,Default,DefaultJob,"InputFile=(Samples/dbpediaNTriples.zip, NTriples)",1,Workload,Warmup,4,399553200,1,399553200
SerializerReadBenchmark.Read,RDFSharp.Benchmarks,SerializerReadBenchmark,Read,DefaultJob,Default,Default,Default,Default,Default,Default,Default,Default,Default,Default,Default,Default,Default,Default,Default,Default,Default,Default,Default,Default,Default,Default,Default,Default,Default,Default,Default,Default,Default,Default,Default,Default,Default,Default,Default,Default,Default,Default,Default,Default,DefaultJob,"InputFile=(Samples/dbpediaNTriples.zip, NTriples)",1,Workload,Warmup,5,413481300,1,413481300
SerializerReadBenchmark.Read,RDFSharp.Benchmarks,SerializerReadBenchmark,Read,DefaultJob,Default,Default,Default,Default,Default,Default,Default,Default,Default,Default,Default,Default,Default,Default,Default,Default,Default,Default,Default,Default,Default,Default,Default,Default,Default,Default,Default,Default,Default,Default,Default,Default,Default,Default,Default,Default,Default,Default,Default,Default,DefaultJob,"InputFile=(Samples/dbpediaNTriples.zip, NTriples)",1,Workload,Warmup,6,392659600,1,392659600
SerializerReadBenchmark.Read,RDFSharp.Benchmarks,SerializerReadBenchmark,Read,DefaultJob,Default,Default,Default,Default,Default,Default,Default,Default,Default,Default,Default,Default,Default,Default,Default,Default,Default,Default,Default,Default,Default,Default,Default,Default,Default,Default,Default,Default,Default,Default,Default,Default,Default,Default,Default,Default,Default,Default,Default,Default,DefaultJob,"InputFile=(Samples/dbpediaNTriples.zip, NTriples)",1,Workload,Actual,1,402454800,1,402454800
SerializerReadBenchmark.Read,RDFSharp.Benchmarks,SerializerReadBenchmark,Read,DefaultJob,Default,Default,Default,Default,Default,Default,Default,Default,Default,Default,Default,Default,Default,Default,Default,Default,Default,Default,Default,Default,Default,Default,Default,Default,Default,Default,Default,Default,Default,Default,Default,Default,Default,Default,Default,Default,Default,Default,Default,Default,DefaultJob,"InputFile=(Samples/dbpediaNTriples.zip, NTriples)",1,Workload,Actual,2,387002500,1,387002500
SerializerReadBenchmark.Read,RDFSharp.Benchmarks,SerializerReadBenchmark,Read,DefaultJob,Default,Default,Default,Default,Default,Default,Default,Default,Default,Default,Default,Default,Default,Default,Default,Default,Default,Default,Default,Default,Default,Default,Default,Default,Default,Default,Default,Default,Default,Default,Default,Default,Default,Default,Default,Default,Default,Default,Default,Default,DefaultJob,"InputFile=(Samples/dbpediaNTriples.zip, NTriples)",1,Workload,Actual,3,399497100,1,399497100
SerializerReadBenchmark.Read,RDFSharp.Benchmarks,SerializerReadBenchmark,Read,DefaultJob,Default,Default,Default,Default,Default,Default,Default,Default,Default,Default,Default,Default,Default,Default,Default,Default,Default,Default,Default,Default,Default,Default,Default,Default,Default,Default,Default,Default,Default,Default,Default,Default,Default,Default,Default,Default,Default,Default,Default,Default,DefaultJob,"InputFile=(Samples/dbpediaNTriples.zip, NTriples)",1,Workload,Actual,4,408357100,1,408357100
SerializerReadBenchmark.Read,RDFSharp.Benchmarks,SerializerReadBenchmark,Read,DefaultJob,Default,Default,Default,Default,Default,Default,Default,Default,Default,Default,Default,Default,Default,Default,Default,Default,Default,Default,Default,Default,Default,Default,Default,Default,Default,Default,Default,Default,Default,Default,Default,Default,Default,Default,Default,Default,Default,Default,Default,Default,DefaultJob,"InputFile=(Samples/dbpediaNTriples.zip, NTriples)",1,Workload,Actual,5,400781700,1,400781700
SerializerReadBenchmark.Read,RDFSharp.Benchmarks,SerializerReadBenchmark,Read,DefaultJob,Default,Default,Default,Default,Default,Default,Default,Default,Default,Default,Default,Default,Default,Default,Default,Default,Default,Default,Default,Default,Default,Default,Default,Default,Default,Default,Default,Default,Default,Default,Default,Default,Default,Default,Default,Default,Default,Default,Default,Default,DefaultJob,"InputFile=(Samples/dbpediaNTriples.zip, NTriples)",1,Workload,Actual,6,394696300,1,394696300
SerializerReadBenchmark.Read,RDFSharp.Benchmarks,SerializerReadBenchmark,Read,DefaultJob,Default,Default,Default,Default,Default,Default,Default,Default,Default,Default,Default,Default,Default,Default,Default,Default,Default,Default,Default,Default,Default,Default,Default,Default,Default,Default,Default,Default,Default,Default,Default,Default,Default,Default,Default,Default,Default,Default,Default,Default,DefaultJob,"InputFile=(Samples/dbpediaNTriples.zip, NTriples)",1,Workload,Actual,7,395674500,1,395674500
SerializerReadBenchmark.Read,RDFSharp.Benchmarks,SerializerReadBenchmark,Read,DefaultJob,Default,Default,Default,Default,Default,Default,Default,Default,Default,Default,Default,Default,Default,Default,Default,Default,Default,Default,Default,Default,Default,Default,Default,Default,Default,Default,Default,Default,Default,Default,Default,Default,Default,Default,Default,Default,Default,Default,Default,Default,DefaultJob,"InputFile=(Samples/dbpediaNTriples.zip, NTriples)",1,Workload,Actual,8,414247200,1,414247200
SerializerReadBenchmark.Read,RDFSharp.Benchmarks,SerializerReadBenchmark,Read,DefaultJob,Default,Default,Default,Default,Default,Default,Default,Default,Default,Default,Default,Default,Default,Default,Default,Default,Default,Default,Default,Default,Default,Default,Default,Default,Default,Default,Default,Default,Default,Default,Default,Default,Default,Default,Default,Default,Default,Default,Default,Default,DefaultJob,"InputFile=(Samples/dbpediaNTriples.zip, NTriples)",1,Workload,Actual,9,403822800,1,403822800
SerializerReadBenchmark.Read,RDFSharp.Benchmarks,SerializerReadBenchmark,Read,DefaultJob,Default,Default,Default,Default,Default,Default,Default,Default,Default,Default,Default,Default,Default,Default,Default,Default,Default,Default,Default,Default,Default,Default,Default,Default,Default,Default,Default,Default,Default,Default,Default,Default,Default,Default,Default,Default,Default,Default,Default,Default,DefaultJob,"InputFile=(Samples/dbpediaNTriples.zip, NTriples)",1,Workload,Actual,10,403972000,1,403972000
SerializerReadBenchmark.Read,RDFSharp.Benchmarks,SerializerReadBenchmark,Read,DefaultJob,Default,Default,Default,Default,Default,Default,Default,Default,Default,Default,Default,Default,Default,Default,Default,Default,Default,Default,Default,Default,Default,Default,Default,Default,Default,Default,Default,Default,Default,Default,Default,Default,Default,Default,Default,Default,Default,Default,Default,Default,DefaultJob,"InputFile=(Samples/dbpediaNTriples.zip, NTriples)",1,Workload,Actual,11,414593100,1,414593100
SerializerReadBenchmark.Read,RDFSharp.Benchmarks,SerializerReadBenchmark,Read,DefaultJob,Default,Default,Default,Default,Default,Default,Default,Default,Default,Default,Default,Default,Default,Default,Default,Default,Default,Default,Default,Default,Default,Default,Default,Default,Default,Default,Default,Default,Default,Default,Default,Default,Default,Default,Default,Default,Default,Default,Default,Default,DefaultJob,"InputFile=(Samples/dbpediaNTriples.zip, NTriples)",1,Workload,Actual,12,408719600,1,408719600
SerializerReadBenchmark.Read,RDFSharp.Benchmarks,SerializerReadBenchmark,Read,DefaultJob,Default,Default,Default,Default,Default,Default,Default,Default,Default,Default,Default,Default,Default,Default,Default,Default,Default,Default,Default,Default,Default,Default,Default,Default,Default,Default,Default,Default,Default,Default,Default,Default,Default,Default,Default,Default,Default,Default,Default,Default,DefaultJob,"InputFile=(Samples/dbpediaNTriples.zip, NTriples)",1,Workload,Actual,13,409649700,1,409649700
SerializerReadBenchmark.Read,RDFSharp.Benchmarks,SerializerReadBenchmark,Read,DefaultJob,Default,Default,Default,Default,Default,Default,Default,Default,Default,Default,Default,Default,Default,Default,Default,Default,Default,Default,Default,Default,Default,Default,Default,Default,Default,Default,Default,Default,Default,Default,Default,Default,Default,Default,Default,Default,Default,Default,Default,Default,DefaultJob,"InputFile=(Samples/dbpediaNTriples.zip, NTriples)",1,Workload,Actual,14,418220700,1,418220700
SerializerReadBenchmark.Read,RDFSharp.Benchmarks,SerializerReadBenchmark,Read,DefaultJob,Default,Default,Default,Default,Default,Default,Default,Default,Default,Default,Default,Default,Default,Default,Default,Default,Default,Default,Default,Default,Default,Default,Default,Default,Default,Default,Default,Default,Default,Default,Default,Default,Default,Default,Default,Default,Default,Default,Default,Default,DefaultJob,"InputFile=(Samples/dbpediaNTriples.zip, NTriples)",1,Workload,Actual,15,397670900,1,397670900
SerializerReadBenchmark.Read,RDFSharp.Benchmarks,SerializerReadBenchmark,Read,DefaultJob,Default,Default,Default,Default,Default,Default,Default,Default,Default,Default,Default,Default,Default,Default,Default,Default,Default,Default,Default,Default,Default,Default,Default,Default,Default,Default,Default,Default,Default,Default,Default,Default,Default,Default,Default,Default,Default,Default,Default,Default,DefaultJob,"InputFile=(Samples/dbpediaNTriples.zip, NTriples)",1,Workload,Actual,16,395951200,1,395951200
SerializerReadBenchmark.Read,RDFSharp.Benchmarks,SerializerReadBenchmark,Read,DefaultJob,Default,Default,Default,Default,Default,Default,Default,Default,Default,Default,Default,Default,Default,Default,Default,Default,Default,Default,Default,Default,Default,Default,Default,Default,Default,Default,Default,Default,Default,Default,Default,Default,Default,Default,Default,Default,Default,Default,Default,Default,DefaultJob,"InputFile=(Samples/dbpediaNTriples.zip, NTriples)",1,Workload,Actual,17,396047600,1,396047600
SerializerReadBenchmark.Read,RDFSharp.Benchmarks,SerializerReadBenchmark,Read,DefaultJob,Default,Default,Default,Default,Default,Default,Default,Default,Default,Default,Default,Default,Default,Default,Default,Default,Default,Default,Default,Default,Default,Default,Default,Default,Default,Default,Default,Default,Default,Default,Default,Default,Default,Default,Default,Default,Default,Default,Default,Default,DefaultJob,"InputFile=(Samples/dbpediaNTriples.zip, NTriples)",1,Workload,Actual,18,432116500,1,432116500
SerializerReadBenchmark.Read,RDFSharp.Benchmarks,SerializerReadBenchmark,Read,DefaultJob,Default,Default,Default,Default,Default,Default,Default,Default,Default,Default,Default,Default,Default,Default,Default,Default,Default,Default,Default,Default,Default,Default,Default,Default,Default,Default,Default,Default,Default,Default,Default,Default,Default,Default,Default,Default,Default,Default,Default,Default,DefaultJob,"InputFile=(Samples/dbpediaNTriples.zip, NTriples)",1,Workload,Actual,19,398660900,1,398660900
SerializerReadBenchmark.Read,RDFSharp.Benchmarks,SerializerReadBenchmark,Read,DefaultJob,Default,Default,Default,Default,Default,Default,Default,Default,Default,Default,Default,Default,Default,Default,Default,Default,Default,Default,Default,Default,Default,Default,Default,Default,Default,Default,Default,Default,Default,Default,Default,Default,Default,Default,Default,Default,Default,Default,Default,Default,DefaultJob,"InputFile=(Samples/dbpediaNTriples.zip, NTriples)",1,Workload,Result,1,402454800,1,402454800
SerializerReadBenchmark.Read,RDFSharp.Benchmarks,SerializerReadBenchmark,Read,DefaultJob,Default,Default,Default,Default,Default,Default,Default,Default,Default,Default,Default,Default,Default,Default,Default,Default,Default,Default,Default,Default,Default,Default,Default,Default,Default,Default,Default,Default,Default,Default,Default,Default,Default,Default,Default,Default,Default,Default,Default,Default,DefaultJob,"InputFile=(Samples/dbpediaNTriples.zip, NTriples)",1,Workload,Result,2,387002500,1,387002500
SerializerReadBenchmark.Read,RDFSharp.Benchmarks,SerializerReadBenchmark,Read,DefaultJob,Default,Default,Default,Default,Default,Default,Default,Default,Default,Default,Default,Default,Default,Default,Default,Default,Default,Default,Default,Default,Default,Default,Default,Default,Default,Default,Default,Default,Default,Default,Default,Default,Default,Default,Default,Default,Default,Default,Default,Default,DefaultJob,"InputFile=(Samples/dbpediaNTriples.zip, NTriples)",1,Workload,Result,3,399497100,1,399497100
SerializerReadBenchmark.Read,RDFSharp.Benchmarks,SerializerReadBenchmark,Read,DefaultJob,Default,Default,Default,Default,Default,Default,Default,Default,Default,Default,Default,Default,Default,Default,Default,Default,Default,Default,Default,Default,Default,Default,Default,Default,Default,Default,Default,Default,Default,Default,Default,Default,Default,Default,Default,Default,Default,Default,Default,Default,DefaultJob,"InputFile=(Samples/dbpediaNTriples.zip, NTriples)",1,Workload,Result,4,408357100,1,408357100
SerializerReadBenchmark.Read,RDFSharp.Benchmarks,SerializerReadBenchmark,Read,DefaultJob,Default,Default,Default,Default,Default,Default,Default,Default,Default,Default,Default,Default,Default,Default,Default,Default,Default,Default,Default,Default,Default,Default,Default,Default,Default,Default,Default,Default,Default,Default,Default,Default,Default,Default,Default,Default,Default,Default,Default,Default,DefaultJob,"InputFile=(Samples/dbpediaNTriples.zip, NTriples)",1,Workload,Result,5,400781700,1,400781700
SerializerReadBenchmark.Read,RDFSharp.Benchmarks,SerializerReadBenchmark,Read,DefaultJob,Default,Default,Default,Default,Default,Default,Default,Default,Default,Default,Default,Default,Default,Default,Default,Default,Default,Default,Default,Default,Default,Default,Default,Default,Default,Default,Default,Default,Default,Default,Default,Default,Default,Default,Default,Default,Default,Default,Default,Default,DefaultJob,"InputFile=(Samples/dbpediaNTriples.zip, NTriples)",1,Workload,Result,6,394696300,1,394696300
SerializerReadBenchmark.Read,RDFSharp.Benchmarks,SerializerReadBenchmark,Read,DefaultJob,Default,Default,Default,Default,Default,Default,Default,Default,Default,Default,Default,Default,Default,Default,Default,Default,Default,Default,Default,Default,Default,Default,Default,Default,Default,Default,Default,Default,Default,Default,Default,Default,Default,Default,Default,Default,Default,Default,Default,Default,DefaultJob,"InputFile=(Samples/dbpediaNTriples.zip, NTriples)",1,Workload,Result,7,395674500,1,395674500
SerializerReadBenchmark.Read,RDFSharp.Benchmarks,SerializerReadBenchmark,Read,DefaultJob,Default,Default,Default,Default,Default,Default,Default,Default,Default,Default,Default,Default,Default,Default,Default,Default,Default,Default,Default,Default,Default,Default,Default,Default,Default,Default,Default,Default,Default,Default,Default,Default,Default,Default,Default,Default,Default,Default,Default,Default,DefaultJob,"InputFile=(Samples/dbpediaNTriples.zip, NTriples)",1,Workload,Result,8,414247200,1,414247200
SerializerReadBenchmark.Read,RDFSharp.Benchmarks,SerializerReadBenchmark,Read,DefaultJob,Default,Default,Default,Default,Default,Default,Default,Default,Default,Default,Default,Default,Default,Default,Default,Default,Default,Default,Default,Default,Default,Default,Default,Default,Default,Default,Default,Default,Default,Default,Default,Default,Default,Default,Default,Default,Default,Default,Default,Default,DefaultJob,"InputFile=(Samples/dbpediaNTriples.zip, NTriples)",1,Workload,Result,9,403822800,1,403822800
SerializerReadBenchmark.Read,RDFSharp.Benchmarks,SerializerReadBenchmark,Read,DefaultJob,Default,Default,Default,Default,Default,Default,Default,Default,Default,Default,Default,Default,Default,Default,Default,Default,Default,Default,Default,Default,Default,Default,Default,Default,Default,Default,Default,Default,Default,Default,Default,Default,Default,Default,Default,Default,Default,Default,Default,Default,DefaultJob,"InputFile=(Samples/dbpediaNTriples.zip, NTriples)",1,Workload,Result,10,403972000,1,403972000
SerializerReadBenchmark.Read,RDFSharp.Benchmarks,SerializerReadBenchmark,Read,DefaultJob,Default,Default,Default,Default,Default,Default,Default,Default,Default,Default,Default,Default,Default,Default,Default,Default,Default,Default,Default,Default,Default,Default,Default,Default,Default,Default,Default,Default,Default,Default,Default,Default,Default,Default,Default,Default,Default,Default,Default,Default,DefaultJob,"InputFile=(Samples/dbpediaNTriples.zip, NTriples)",1,Workload,Result,11,414593100,1,414593100
SerializerReadBenchmark.Read,RDFSharp.Benchmarks,SerializerReadBenchmark,Read,DefaultJob,Default,Default,Default,Default,Default,Default,Default,Default,Default,Default,Default,Default,Default,Default,Default,Default,Default,Default,Default,Default,Default,Default,Default,Default,Default,Default,Default,Default,Default,Default,Default,Default,Default,Default,Default,Default,Default,Default,Default,Default,DefaultJob,"InputFile=(Samples/dbpediaNTriples.zip, NTriples)",1,Workload,Result,12,408719600,1,408719600
SerializerReadBenchmark.Read,RDFSharp.Benchmarks,SerializerReadBenchmark,Read,DefaultJob,Default,Default,Default,Default,Default,Default,Default,Default,Default,Default,Default,Default,Default,Default,Default,Default,Default,Default,Default,Default,Default,Default,Default,Default,Default,Default,Default,Default,Default,Default,Default,Default,Default,Default,Default,Default,Default,Default,Default,Default,DefaultJob,"InputFile=(Samples/dbpediaNTriples.zip, NTriples)",1,Workload,Result,13,409649700,1,409649700
SerializerReadBenchmark.Read,RDFSharp.Benchmarks,SerializerReadBenchmark,Read,DefaultJob,Default,Default,Default,Default,Default,Default,Default,Default,Default,Default,Default,Default,Default,Default,Default,Default,Default,Default,Default,Default,Default,Default,Default,Default,Default,Default,Default,Default,Default,Default,Default,Default,Default,Default,Default,Default,Default,Default,Default,Default,DefaultJob,"InputFile=(Samples/dbpediaNTriples.zip, NTriples)",1,Workload,Result,14,418220700,1,418220700
SerializerReadBenchmark.Read,RDFSharp.Benchmarks,SerializerReadBenchmark,Read,DefaultJob,Default,Default,Default,Default,Default,Default,Default,Default,Default,Default,Default,Default,Default,Default,Default,Default,Default,Default,Default,Default,Default,Default,Default,Default,Default,Default,Default,Default,Default,Default,Default,Default,Default,Default,Default,Default,Default,Default,Default,Default,DefaultJob,"InputFile=(Samples/dbpediaNTriples.zip, NTriples)",1,Workload,Result,15,397670900,1,397670900
SerializerReadBenchmark.Read,RDFSharp.Benchmarks,SerializerReadBenchmark,Read,DefaultJob,Default,Default,Default,Default,Default,Default,Default,Default,Default,Default,Default,Default,Default,Default,Default,Default,Default,Default,Default,Default,Default,Default,Default,Default,Default,Default,Default,Default,Default,Default,Default,Default,Default,Default,Default,Default,Default,Default,Default,Default,DefaultJob,"InputFile=(Samples/dbpediaNTriples.zip, NTriples)",1,Workload,Result,16,395951200,1,395951200
SerializerReadBenchmark.Read,RDFSharp.Benchmarks,SerializerReadBenchmark,Read,DefaultJob,Default,Default,Default,Default,Default,Default,Default,Default,Default,Default,Default,Default,Default,Default,Default,Default,Default,Default,Default,Default,Default,Default,Default,Default,Default,Default,Default,Default,Default,Default,Default,Default,Default,Default,Default,Default,Default,Default,Default,Default,DefaultJob,"InputFile=(Samples/dbpediaNTriples.zip, NTriples)",1,Workload,Result,17,396047600,1,396047600
SerializerReadBenchmark.Read,RDFSharp.Benchmarks,SerializerReadBenchmark,Read,DefaultJob,Default,Default,Default,Default,Default,Default,Default,Default,Default,Default,Default,Default,Default,Default,Default,Default,Default,Default,Default,Default,Default,Default,Default,Default,Default,Default,Default,Default,Default,Default,Default,Default,Default,Default,Default,Default,Default,Default,Default,Default,DefaultJob,"InputFile=(Samples/dbpediaNTriples.zip, NTriples)",1,Workload,Result,18,398660900,1,398660900
SerializerReadBenchmark.Read,RDFSharp.Benchmarks,SerializerReadBenchmark,Read,DefaultJob,Default,Default,Default,Default,Default,Default,Default,Default,Default,Default,Default,Default,Default,Default,Default,Default,Default,Default,Default,Default,Default,Default,Default,Default,Default,Default,Default,Default,Default,Default,Default,Default,Default,Default,Default,Default,Default,Default,Default,Default,DefaultJob,"InputFile=(Samples/dbpediaRdfXml.zip, RdfXml)",1,Overhead,Jitting,1,243500,1,243500
SerializerReadBenchmark.Read,RDFSharp.Benchmarks,SerializerReadBenchmark,Read,DefaultJob,Default,Default,Default,Default,Default,Default,Default,Default,Default,Default,Default,Default,Default,Default,Default,Default,Default,Default,Default,Default,Default,Default,Default,Default,Default,Default,Default,Default,Default,Default,Default,Default,Default,Default,Default,Default,Default,Default,Default,Default,DefaultJob,"InputFile=(Samples/dbpediaRdfXml.zip, RdfXml)",1,Workload,Jitting,1,407953000,1,407953000
SerializerReadBenchmark.Read,RDFSharp.Benchmarks,SerializerReadBenchmark,Read,DefaultJob,Default,Default,Default,Default,Default,Default,Default,Default,Default,Default,Default,Default,Default,Default,Default,Default,Default,Default,Default,Default,Default,Default,Default,Default,Default,Default,Default,Default,Default,Default,Default,Default,Default,Default,Default,Default,Default,Default,Default,Default,DefaultJob,"InputFile=(Samples/dbpediaRdfXml.zip, RdfXml)",1,Workload,Warmup,1,308902700,1,308902700
SerializerReadBenchmark.Read,RDFSharp.Benchmarks,SerializerReadBenchmark,Read,DefaultJob,Default,Default,Default,Default,Default,Default,Default,Default,Default,Default,Default,Default,Default,Default,Default,Default,Default,Default,Default,Default,Default,Default,Default,Default,Default,Default,Default,Default,Default,Default,Default,Default,Default,Default,Default,Default,Default,Default,Default,Default,DefaultJob,"InputFile=(Samples/dbpediaRdfXml.zip, RdfXml)",1,Workload,Warmup,2,275529100,1,275529100
SerializerReadBenchmark.Read,RDFSharp.Benchmarks,SerializerReadBenchmark,Read,DefaultJob,Default,Default,Default,Default,Default,Default,Default,Default,Default,Default,Default,Default,Default,Default,Default,Default,Default,Default,Default,Default,Default,Default,Default,Default,Default,Default,Default,Default,Default,Default,Default,Default,Default,Default,Default,Default,Default,Default,Default,Default,DefaultJob,"InputFile=(Samples/dbpediaRdfXml.zip, RdfXml)",1,Workload,Warmup,3,284713800,1,284713800
SerializerReadBenchmark.Read,RDFSharp.Benchmarks,SerializerReadBenchmark,Read,DefaultJob,Default,Default,Default,Default,Default,Default,Default,Default,Default,Default,Default,Default,Default,Default,Default,Default,Default,Default,Default,Default,Default,Default,Default,Default,Default,Default,Default,Default,Default,Default,Default,Default,Default,Default,Default,Default,Default,Default,Default,Default,DefaultJob,"InputFile=(Samples/dbpediaRdfXml.zip, RdfXml)",1,Workload,Warmup,4,291153300,1,291153300
SerializerReadBenchmark.Read,RDFSharp.Benchmarks,SerializerReadBenchmark,Read,DefaultJob,Default,Default,Default,Default,Default,Default,Default,Default,Default,Default,Default,Default,Default,Default,Default,Default,Default,Default,Default,Default,Default,Default,Default,Default,Default,Default,Default,Default,Default,Default,Default,Default,Default,Default,Default,Default,Default,Default,Default,Default,DefaultJob,"InputFile=(Samples/dbpediaRdfXml.zip, RdfXml)",1,Workload,Warmup,5,286912600,1,286912600
SerializerReadBenchmark.Read,RDFSharp.Benchmarks,SerializerReadBenchmark,Read,DefaultJob,Default,Default,Default,Default,Default,Default,Default,Default,Default,Default,Default,Default,Default,Default,Default,Default,Default,Default,Default,Default,Default,Default,Default,Default,Default,Default,Default,Default,Default,Default,Default,Default,Default,Default,Default,Default,Default,Default,Default,Default,DefaultJob,"InputFile=(Samples/dbpediaRdfXml.zip, RdfXml)",1,Workload,Warmup,6,291671200,1,291671200
SerializerReadBenchmark.Read,RDFSharp.Benchmarks,SerializerReadBenchmark,Read,DefaultJob,Default,Default,Default,Default,Default,Default,Default,Default,Default,Default,Default,Default,Default,Default,Default,Default,Default,Default,Default,Default,Default,Default,Default,Default,Default,Default,Default,Default,Default,Default,Default,Default,Default,Default,Default,Default,Default,Default,Default,Default,DefaultJob,"InputFile=(Samples/dbpediaRdfXml.zip, RdfXml)",1,Workload,Warmup,7,283828800,1,283828800
SerializerReadBenchmark.Read,RDFSharp.Benchmarks,SerializerReadBenchmark,Read,DefaultJob,Default,Default,Default,Default,Default,Default,Default,Default,Default,Default,Default,Default,Default,Default,Default,Default,Default,Default,Default,Default,Default,Default,Default,Default,Default,Default,Default,Default,Default,Default,Default,Default,Default,Default,Default,Default,Default,Default,Default,Default,DefaultJob,"InputFile=(Samples/dbpediaRdfXml.zip, RdfXml)",1,Workload,Actual,1,289197100,1,289197100
SerializerReadBenchmark.Read,RDFSharp.Benchmarks,SerializerReadBenchmark,Read,DefaultJob,Default,Default,Default,Default,Default,Default,Default,Default,Default,Default,Default,Default,Default,Default,Default,Default,Default,Default,Default,Default,Default,Default,Default,Default,Default,Default,Default,Default,Default,Default,Default,Default,Default,Default,Default,Default,Default,Default,Default,Default,DefaultJob,"InputFile=(Samples/dbpediaRdfXml.zip, RdfXml)",1,Workload,Actual,2,285797300,1,285797300
SerializerReadBenchmark.Read,RDFSharp.Benchmarks,SerializerReadBenchmark,Read,DefaultJob,Default,Default,Default,Default,Default,Default,Default,Default,Default,Default,Default,Default,Default,Default,Default,Default,Default,Default,Default,Default,Default,Default,Default,Default,Default,Default,Default,Default,Default,Default,Default,Default,Default,Default,Default,Default,Default,Default,Default,Default,DefaultJob,"InputFile=(Samples/dbpediaRdfXml.zip, RdfXml)",1,Workload,Actual,3,280783700,1,280783700
SerializerReadBenchmark.Read,RDFSharp.Benchmarks,SerializerReadBenchmark,Read,DefaultJob,Default,Default,Default,Default,Default,Default,Default,Default,Default,Default,Default,Default,Default,Default,Default,Default,Default,Default,Default,Default,Default,Default,Default,Default,Default,Default,Default,Default,Default,Default,Default,Default,Default,Default,Default,Default,Default,Default,Default,Default,DefaultJob,"InputFile=(Samples/dbpediaRdfXml.zip, RdfXml)",1,Workload,Actual,4,285739200,1,285739200
SerializerReadBenchmark.Read,RDFSharp.Benchmarks,SerializerReadBenchmark,Read,DefaultJob,Default,Default,Default,Default,Default,Default,Default,Default,Default,Default,Default,Default,Default,Default,Default,Default,Default,Default,Default,Default,Default,Default,Default,Default,Default,Default,Default,Default,Default,Default,Default,Default,Default,Default,Default,Default,Default,Default,Default,Default,DefaultJob,"InputFile=(Samples/dbpediaRdfXml.zip, RdfXml)",1,Workload,Actual,5,288668300,1,288668300
SerializerReadBenchmark.Read,RDFSharp.Benchmarks,SerializerReadBenchmark,Read,DefaultJob,Default,Default,Default,Default,Default,Default,Default,Default,Default,Default,Default,Default,Default,Default,Default,Default,Default,Default,Default,Default,Default,Default,Default,Default,Default,Default,Default,Default,Default,Default,Default,Default,Default,Default,Default,Default,Default,Default,Default,Default,DefaultJob,"InputFile=(Samples/dbpediaRdfXml.zip, RdfXml)",1,Workload,Actual,6,289275200,1,289275200
SerializerReadBenchmark.Read,RDFSharp.Benchmarks,SerializerReadBenchmark,Read,DefaultJob,Default,Default,Default,Default,Default,Default,Default,Default,Default,Default,Default,Default,Default,Default,Default,Default,Default,Default,Default,Default,Default,Default,Default,Default,Default,Default,Default,Default,Default,Default,Default,Default,Default,Default,Default,Default,Default,Default,Default,Default,DefaultJob,"InputFile=(Samples/dbpediaRdfXml.zip, RdfXml)",1,Workload,Actual,7,287051800,1,287051800
SerializerReadBenchmark.Read,RDFSharp.Benchmarks,SerializerReadBenchmark,Read,DefaultJob,Default,Default,Default,Default,Default,Default,Default,Default,Default,Default,Default,Default,Default,Default,Default,Default,Default,Default,Default,Default,Default,Default,Default,Default,Default,Default,Default,Default,Default,Default,Default,Default,Default,Default,Default,Default,Default,Default,Default,Default,DefaultJob,"InputFile=(Samples/dbpediaRdfXml.zip, RdfXml)",1,Workload,Actual,8,288472500,1,288472500
SerializerReadBenchmark.Read,RDFSharp.Benchmarks,SerializerReadBenchmark,Read,DefaultJob,Default,Default,Default,Default,Default,Default,Default,Default,Default,Default,Default,Default,Default,Default,Default,Default,Default,Default,Default,Default,Default,Default,Default,Default,Default,Default,Default,Default,Default,Default,Default,Default,Default,Default,Default,Default,Default,Default,Default,Default,DefaultJob,"InputFile=(Samples/dbpediaRdfXml.zip, RdfXml)",1,Workload,Actual,9,285328400,1,285328400
SerializerReadBenchmark.Read,RDFSharp.Benchmarks,SerializerReadBenchmark,Read,DefaultJob,Default,Default,Default,Default,Default,Default,Default,Default,Default,Default,Default,Default,Default,Default,Default,Default,Default,Default,Default,Default,Default,Default,Default,Default,Default,Default,Default,Default,Default,Default,Default,Default,Default,Default,Default,Default,Default,Default,Default,Default,DefaultJob,"InputFile=(Samples/dbpediaRdfXml.zip, RdfXml)",1,Workload,Actual,10,287004300,1,287004300
SerializerReadBenchmark.Read,RDFSharp.Benchmarks,SerializerReadBenchmark,Read,DefaultJob,Default,Default,Default,Default,Default,Default,Default,Default,Default,Default,Default,Default,Default,Default,Default,Default,Default,Default,Default,Default,Default,Default,Default,Default,Default,Default,Default,Default,Default,Default,Default,Default,Default,Default,Default,Default,Default,Default,Default,Default,DefaultJob,"InputFile=(Samples/dbpediaRdfXml.zip, RdfXml)",1,Workload,Actual,11,291546400,1,291546400
SerializerReadBenchmark.Read,RDFSharp.Benchmarks,SerializerReadBenchmark,Read,DefaultJob,Default,Default,Default,Default,Default,Default,Default,Default,Default,Default,Default,Default,Default,Default,Default,Default,Default,Default,Default,Default,Default,Default,Default,Default,Default,Default,Default,Default,Default,Default,Default,Default,Default,Default,Default,Default,Default,Default,Default,Default,DefaultJob,"InputFile=(Samples/dbpediaRdfXml.zip, RdfXml)",1,Workload,Actual,12,288517900,1,288517900
SerializerReadBenchmark.Read,RDFSharp.Benchmarks,SerializerReadBenchmark,Read,DefaultJob,Default,Default,Default,Default,Default,Default,Default,Default,Default,Default,Default,Default,Default,Default,Default,Default,Default,Default,Default,Default,Default,Default,Default,Default,Default,Default,Default,Default,Default,Default,Default,Default,Default,Default,Default,Default,Default,Default,Default,Default,DefaultJob,"InputFile=(Samples/dbpediaRdfXml.zip, RdfXml)",1,Workload,Actual,13,289133800,1,289133800
SerializerReadBenchmark.Read,RDFSharp.Benchmarks,SerializerReadBenchmark,Read,DefaultJob,Default,Default,Default,Default,Default,Default,Default,Default,Default,Default,Default,Default,Default,Default,Default,Default,Default,Default,Default,Default,Default,Default,Default,Default,Default,Default,Default,Default,Default,Default,Default,Default,Default,Default,Default,Default,Default,Default,Default,Default,DefaultJob,"InputFile=(Samples/dbpediaRdfXml.zip, RdfXml)",1,Workload,Actual,14,292510700,1,292510700
SerializerReadBenchmark.Read,RDFSharp.Benchmarks,SerializerReadBenchmark,Read,DefaultJob,Default,Default,Default,Default,Default,Default,Default,Default,Default,Default,Default,Default,Default,Default,Default,Default,Default,Default,Default,Default,Default,Default,Default,Default,Default,Default,Default,Default,Default,Default,Default,Default,Default,Default,Default,Default,Default,Default,Default,Default,DefaultJob,"InputFile=(Samples/dbpediaRdfXml.zip, RdfXml)",1,Workload,Actual,15,286709700,1,286709700
SerializerReadBenchmark.Read,RDFSharp.Benchmarks,SerializerReadBenchmark,Read,DefaultJob,Default,Default,Default,Default,Default,Default,Default,Default,Default,Default,Default,Default,Default,Default,Default,Default,Default,Default,Default,Default,Default,Default,Default,Default,Default,Default,Default,Default,Default,Default,Default,Default,Default,Default,Default,Default,Default,Default,Default,Default,DefaultJob,"InputFile=(Samples/dbpediaRdfXml.zip, RdfXml)",1,Workload,Result,1,289197100,1,289197100
SerializerReadBenchmark.Read,RDFSharp.Benchmarks,SerializerReadBenchmark,Read,DefaultJob,Default,Default,Default,Default,Default,Default,Default,Default,Default,Default,Default,Default,Default,Default,Default,Default,Default,Default,Default,Default,Default,Default,Default,Default,Default,Default,Default,Default,Default,Default,Default,Default,Default,Default,Default,Default,Default,Default,Default,Default,DefaultJob,"InputFile=(Samples/dbpediaRdfXml.zip, RdfXml)",1,Workload,Result,2,285797300,1,285797300
SerializerReadBenchmark.Read,RDFSharp.Benchmarks,SerializerReadBenchmark,Read,DefaultJob,Default,Default,Default,Default,Default,Default,Default,Default,Default,Default,Default,Default,Default,Default,Default,Default,Default,Default,Default,Default,Default,Default,Default,Default,Default,Default,Default,Default,Default,Default,Default,Default,Default,Default,Default,Default,Default,Default,Default,Default,DefaultJob,"InputFile=(Samples/dbpediaRdfXml.zip, RdfXml)",1,Workload,Result,3,280783700,1,280783700
SerializerReadBenchmark.Read,RDFSharp.Benchmarks,SerializerReadBenchmark,Read,DefaultJob,Default,Default,Default,Default,Default,Default,Default,Default,Default,Default,Default,Default,Default,Default,Default,Default,Default,Default,Default,Default,Default,Default,Default,Default,Default,Default,Default,Default,Default,Default,Default,Default,Default,Default,Default,Default,Default,Default,Default,Default,DefaultJob,"InputFile=(Samples/dbpediaRdfXml.zip, RdfXml)",1,Workload,Result,4,285739200,1,285739200
SerializerReadBenchmark.Read,RDFSharp.Benchmarks,SerializerReadBenchmark,Read,DefaultJob,Default,Default,Default,Default,Default,Default,Default,Default,Default,Default,Default,Default,Default,Default,Default,Default,Default,Default,Default,Default,Default,Default,Default,Default,Default,Default,Default,Default,Default,Default,Default,Default,Default,Default,Default,Default,Default,Default,Default,Default,DefaultJob,"InputFile=(Samples/dbpediaRdfXml.zip, RdfXml)",1,Workload,Result,5,288668300,1,288668300
SerializerReadBenchmark.Read,RDFSharp.Benchmarks,SerializerReadBenchmark,Read,DefaultJob,Default,Default,Default,Default,Default,Default,Default,Default,Default,Default,Default,Default,Default,Default,Default,Default,Default,Default,Default,Default,Default,Default,Default,Default,Default,Default,Default,Default,Default,Default,Default,Default,Default,Default,Default,Default,Default,Default,Default,Default,DefaultJob,"InputFile=(Samples/dbpediaRdfXml.zip, RdfXml)",1,Workload,Result,6,289275200,1,289275200
SerializerReadBenchmark.Read,RDFSharp.Benchmarks,SerializerReadBenchmark,Read,DefaultJob,Default,Default,Default,Default,Default,Default,Default,Default,Default,Default,Default,Default,Default,Default,Default,Default,Default,Default,Default,Default,Default,Default,Default,Default,Default,Default,Default,Default,Default,Default,Default,Default,Default,Default,Default,Default,Default,Default,Default,Default,DefaultJob,"InputFile=(Samples/dbpediaRdfXml.zip, RdfXml)",1,Workload,Result,7,287051800,1,287051800
SerializerReadBenchmark.Read,RDFSharp.Benchmarks,SerializerReadBenchmark,Read,DefaultJob,Default,Default,Default,Default,Default,Default,Default,Default,Default,Default,Default,Default,Default,Default,Default,Default,Default,Default,Default,Default,Default,Default,Default,Default,Default,Default,Default,Default,Default,Default,Default,Default,Default,Default,Default,Default,Default,Default,Default,Default,DefaultJob,"InputFile=(Samples/dbpediaRdfXml.zip, RdfXml)",1,Workload,Result,8,288472500,1,288472500
SerializerReadBenchmark.Read,RDFSharp.Benchmarks,SerializerReadBenchmark,Read,DefaultJob,Default,Default,Default,Default,Default,Default,Default,Default,Default,Default,Default,Default,Default,Default,Default,Default,Default,Default,Default,Default,Default,Default,Default,Default,Default,Default,Default,Default,Default,Default,Default,Default,Default,Default,Default,Default,Default,Default,Default,Default,DefaultJob,"InputFile=(Samples/dbpediaRdfXml.zip, RdfXml)",1,Workload,Result,9,285328400,1,285328400
SerializerReadBenchmark.Read,RDFSharp.Benchmarks,SerializerReadBenchmark,Read,DefaultJob,Default,Default,Default,Default,Default,Default,Default,Default,Default,Default,Default,Default,Default,Default,Default,Default,Default,Default,Default,Default,Default,Default,Default,Default,Default,Default,Default,Default,Default,Default,Default,Default,Default,Default,Default,Default,Default,Default,Default,Default,DefaultJob,"InputFile=(Samples/dbpediaRdfXml.zip, RdfXml)",1,Workload,Result,10,287004300,1,287004300
SerializerReadBenchmark.Read,RDFSharp.Benchmarks,SerializerReadBenchmark,Read,DefaultJob,Default,Default,Default,Default,Default,Default,Default,Default,Default,Default,Default,Default,Default,Default,Default,Default,Default,Default,Default,Default,Default,Default,Default,Default,Default,Default,Default,Default,Default,Default,Default,Default,Default,Default,Default,Default,Default,Default,Default,Default,DefaultJob,"InputFile=(Samples/dbpediaRdfXml.zip, RdfXml)",1,Workload,Result,11,291546400,1,291546400
SerializerReadBenchmark.Read,RDFSharp.Benchmarks,SerializerReadBenchmark,Read,DefaultJob,Default,Default,Default,Default,Default,Default,Default,Default,Default,Default,Default,Default,Default,Default,Default,Default,Default,Default,Default,Default,Default,Default,Default,Default,Default,Default,Default,Default,Default,Default,Default,Default,Default,Default,Default,Default,Default,Default,Default,Default,DefaultJob,"InputFile=(Samples/dbpediaRdfXml.zip, RdfXml)",1,Workload,Result,12,288517900,1,288517900
SerializerReadBenchmark.Read,RDFSharp.Benchmarks,SerializerReadBenchmark,Read,DefaultJob,Default,Default,Default,Default,Default,Default,Default,Default,Default,Default,Default,Default,Default,Default,Default,Default,Default,Default,Default,Default,Default,Default,Default,Default,Default,Default,Default,Default,Default,Default,Default,Default,Default,Default,Default,Default,Default,Default,Default,Default,DefaultJob,"InputFile=(Samples/dbpediaRdfXml.zip, RdfXml)",1,Workload,Result,13,289133800,1,289133800
SerializerReadBenchmark.Read,RDFSharp.Benchmarks,SerializerReadBenchmark,Read,DefaultJob,Default,Default,Default,Default,Default,Default,Default,Default,Default,Default,Default,Default,Default,Default,Default,Default,Default,Default,Default,Default,Default,Default,Default,Default,Default,Default,Default,Default,Default,Default,Default,Default,Default,Default,Default,Default,Default,Default,Default,Default,DefaultJob,"InputFile=(Samples/dbpediaRdfXml.zip, RdfXml)",1,Workload,Result,14,292510700,1,292510700
SerializerReadBenchmark.Read,RDFSharp.Benchmarks,SerializerReadBenchmark,Read,DefaultJob,Default,Default,Default,Default,Default,Default,Default,Default,Default,Default,Default,Default,Default,Default,Default,Default,Default,Default,Default,Default,Default,Default,Default,Default,Default,Default,Default,Default,Default,Default,Default,Default,Default,Default,Default,Default,Default,Default,Default,Default,DefaultJob,"InputFile=(Samples/dbpediaRdfXml.zip, RdfXml)",1,Workload,Result,15,286709700,1,286709700
SerializerReadBenchmark.Read,RDFSharp.Benchmarks,SerializerReadBenchmark,Read,DefaultJob,Default,Default,Default,Default,Default,Default,Default,Default,Default,Default,Default,Default,Default,Default,Default,Default,Default,Default,Default,Default,Default,Default,Default,Default,Default,Default,Default,Default,Default,Default,Default,Default,Default,Default,Default,Default,Default,Default,Default,Default,DefaultJob,"InputFile=(Samples/dbpediaTriX.zip, TriX)",1,Overhead,Jitting,1,242200,1,242200
SerializerReadBenchmark.Read,RDFSharp.Benchmarks,SerializerReadBenchmark,Read,DefaultJob,Default,Default,Default,Default,Default,Default,Default,Default,Default,Default,Default,Default,Default,Default,Default,Default,Default,Default,Default,Default,Default,Default,Default,Default,Default,Default,Default,Default,Default,Default,Default,Default,Default,Default,Default,Default,Default,Default,Default,Default,DefaultJob,"InputFile=(Samples/dbpediaTriX.zip, TriX)",1,Workload,Jitting,1,447192200,1,447192200
SerializerReadBenchmark.Read,RDFSharp.Benchmarks,SerializerReadBenchmark,Read,DefaultJob,Default,Default,Default,Default,Default,Default,Default,Default,Default,Default,Default,Default,Default,Default,Default,Default,Default,Default,Default,Default,Default,Default,Default,Default,Default,Default,Default,Default,Default,Default,Default,Default,Default,Default,Default,Default,Default,Default,Default,Default,DefaultJob,"InputFile=(Samples/dbpediaTriX.zip, TriX)",1,Workload,Warmup,1,329706400,1,329706400
SerializerReadBenchmark.Read,RDFSharp.Benchmarks,SerializerReadBenchmark,Read,DefaultJob,Default,Default,Default,Default,Default,Default,Default,Default,Default,Default,Default,Default,Default,Default,Default,Default,Default,Default,Default,Default,Default,Default,Default,Default,Default,Default,Default,Default,Default,Default,Default,Default,Default,Default,Default,Default,Default,Default,Default,Default,DefaultJob,"InputFile=(Samples/dbpediaTriX.zip, TriX)",1,Workload,Warmup,2,315908300,1,315908300
SerializerReadBenchmark.Read,RDFSharp.Benchmarks,SerializerReadBenchmark,Read,DefaultJob,Default,Default,Default,Default,Default,Default,Default,Default,Default,Default,Default,Default,Default,Default,Default,Default,Default,Default,Default,Default,Default,Default,Default,Default,Default,Default,Default,Default,Default,Default,Default,Default,Default,Default,Default,Default,Default,Default,Default,Default,DefaultJob,"InputFile=(Samples/dbpediaTriX.zip, TriX)",1,Workload,Warmup,3,310207500,1,310207500
SerializerReadBenchmark.Read,RDFSharp.Benchmarks,SerializerReadBenchmark,Read,DefaultJob,Default,Default,Default,Default,Default,Default,Default,Default,Default,Default,Default,Default,Default,Default,Default,Default,Default,Default,Default,Default,Default,Default,Default,Default,Default,Default,Default,Default,Default,Default,Default,Default,Default,Default,Default,Default,Default,Default,Default,Default,DefaultJob,"InputFile=(Samples/dbpediaTriX.zip, TriX)",1,Workload,Warmup,4,306138800,1,306138800
SerializerReadBenchmark.Read,RDFSharp.Benchmarks,SerializerReadBenchmark,Read,DefaultJob,Default,Default,Default,Default,Default,Default,Default,Default,Default,Default,Default,Default,Default,Default,Default,Default,Default,Default,Default,Default,Default,Default,Default,Default,Default,Default,Default,Default,Default,Default,Default,Default,Default,Default,Default,Default,Default,Default,Default,Default,DefaultJob,"InputFile=(Samples/dbpediaTriX.zip, TriX)",1,Workload,Warmup,5,308340300,1,308340300
SerializerReadBenchmark.Read,RDFSharp.Benchmarks,SerializerReadBenchmark,Read,DefaultJob,Default,Default,Default,Default,Default,Default,Default,Default,Default,Default,Default,Default,Default,Default,Default,Default,Default,Default,Default,Default,Default,Default,Default,Default,Default,Default,Default,Default,Default,Default,Default,Default,Default,Default,Default,Default,Default,Default,Default,Default,DefaultJob,"InputFile=(Samples/dbpediaTriX.zip, TriX)",1,Workload,Warmup,6,312854200,1,312854200
SerializerReadBenchmark.Read,RDFSharp.Benchmarks,SerializerReadBenchmark,Read,DefaultJob,Default,Default,Default,Default,Default,Default,Default,Default,Default,Default,Default,Default,Default,Default,Default,Default,Default,Default,Default,Default,Default,Default,Default,Default,Default,Default,Default,Default,Default,Default,Default,Default,Default,Default,Default,Default,Default,Default,Default,Default,DefaultJob,"InputFile=(Samples/dbpediaTriX.zip, TriX)",1,Workload,Warmup,7,307833600,1,307833600
SerializerReadBenchmark.Read,RDFSharp.Benchmarks,SerializerReadBenchmark,Read,DefaultJob,Default,Default,Default,Default,Default,Default,Default,Default,Default,Default,Default,Default,Default,Default,Default,Default,Default,Default,Default,Default,Default,Default,Default,Default,Default,Default,Default,Default,Default,Default,Default,Default,Default,Default,Default,Default,Default,Default,Default,Default,DefaultJob,"InputFile=(Samples/dbpediaTriX.zip, TriX)",1,Workload,Warmup,8,310358800,1,310358800
SerializerReadBenchmark.Read,RDFSharp.Benchmarks,SerializerReadBenchmark,Read,DefaultJob,Default,Default,Default,Default,Default,Default,Default,Default,Default,Default,Default,Default,Default,Default,Default,Default,Default,Default,Default,Default,Default,Default,Default,Default,Default,Default,Default,Default,Default,Default,Default,Default,Default,Default,Default,Default,Default,Default,Default,Default,DefaultJob,"InputFile=(Samples/dbpediaTriX.zip, TriX)",1,Workload,Warmup,9,304847100,1,304847100
SerializerReadBenchmark.Read,RDFSharp.Benchmarks,SerializerReadBenchmark,Read,DefaultJob,Default,Default,Default,Default,Default,Default,Default,Default,Default,Default,Default,Default,Default,Default,Default,Default,Default,Default,Default,Default,Default,Default,Default,Default,Default,Default,Default,Default,Default,Default,Default,Default,Default,Default,Default,Default,Default,Default,Default,Default,DefaultJob,"InputFile=(Samples/dbpediaTriX.zip, TriX)",1,Workload,Actual,1,305152300,1,305152300
SerializerReadBenchmark.Read,RDFSharp.Benchmarks,SerializerReadBenchmark,Read,DefaultJob,Default,Default,Default,Default,Default,Default,Default,Default,Default,Default,Default,Default,Default,Default,Default,Default,Default,Default,Default,Default,Default,Default,Default,Default,Default,Default,Default,Default,Default,Default,Default,Default,Default,Default,Default,Default,Default,Default,Default,Default,DefaultJob,"InputFile=(Samples/dbpediaTriX.zip, TriX)",1,Workload,Actual,2,306893000,1,306893000
SerializerReadBenchmark.Read,RDFSharp.Benchmarks,SerializerReadBenchmark,Read,DefaultJob,Default,Default,Default,Default,Default,Default,Default,Default,Default,Default,Default,Default,Default,Default,Default,Default,Default,Default,Default,Default,Default,Default,Default,Default,Default,Default,Default,Default,Default,Default,Default,Default,Default,Default,Default,Default,Default,Default,Default,Default,DefaultJob,"InputFile=(Samples/dbpediaTriX.zip, TriX)",1,Workload,Actual,3,308853900,1,308853900
SerializerReadBenchmark.Read,RDFSharp.Benchmarks,SerializerReadBenchmark,Read,DefaultJob,Default,Default,Default,Default,Default,Default,Default,Default,Default,Default,Default,Default,Default,Default,Default,Default,Default,Default,Default,Default,Default,Default,Default,Default,Default,Default,Default,Default,Default,Default,Default,Default,Default,Default,Default,Default,Default,Default,Default,Default,DefaultJob,"InputFile=(Samples/dbpediaTriX.zip, TriX)",1,Workload,Actual,4,301978900,1,301978900
SerializerReadBenchmark.Read,RDFSharp.Benchmarks,SerializerReadBenchmark,Read,DefaultJob,Default,Default,Default,Default,Default,Default,Default,Default,Default,Default,Default,Default,Default,Default,Default,Default,Default,Default,Default,Default,Default,Default,Default,Default,Default,Default,Default,Default,Default,Default,Default,Default,Default,Default,Default,Default,Default,Default,Default,Default,DefaultJob,"InputFile=(Samples/dbpediaTriX.zip, TriX)",1,Workload,Actual,5,308555700,1,308555700
SerializerReadBenchmark.Read,RDFSharp.Benchmarks,SerializerReadBenchmark,Read,DefaultJob,Default,Default,Default,Default,Default,Default,Default,Default,Default,Default,Default,Default,Default,Default,Default,Default,Default,Default,Default,Default,Default,Default,Default,Default,Default,Default,Default,Default,Default,Default,Default,Default,Default,Default,Default,Default,Default,Default,Default,Default,DefaultJob,"InputFile=(Samples/dbpediaTriX.zip, TriX)",1,Workload,Actual,6,306084700,1,306084700
SerializerReadBenchmark.Read,RDFSharp.Benchmarks,SerializerReadBenchmark,Read,DefaultJob,Default,Default,Default,Default,Default,Default,Default,Default,Default,Default,Default,Default,Default,Default,Default,Default,Default,Default,Default,Default,Default,Default,Default,Default,Default,Default,Default,Default,Default,Default,Default,Default,Default,Default,Default,Default,Default,Default,Default,Default,DefaultJob,"InputFile=(Samples/dbpediaTriX.zip, TriX)",1,Workload,Actual,7,313442900,1,313442900
SerializerReadBenchmark.Read,RDFSharp.Benchmarks,SerializerReadBenchmark,Read,DefaultJob,Default,Default,Default,Default,Default,Default,Default,Default,Default,Default,Default,Default,Default,Default,Default,Default,Default,Default,Default,Default,Default,Default,Default,Default,Default,Default,Default,Default,Default,Default,Default,Default,Default,Default,Default,Default,Default,Default,Default,Default,DefaultJob,"InputFile=(Samples/dbpediaTriX.zip, TriX)",1,Workload,Actual,8,304520400,1,304520400
SerializerReadBenchmark.Read,RDFSharp.Benchmarks,SerializerReadBenchmark,Read,DefaultJob,Default,Default,Default,Default,Default,Default,Default,Default,Default,Default,Default,Default,Default,Default,Default,Default,Default,Default,Default,Default,Default,Default,Default,Default,Default,Default,Default,Default,Default,Default,Default,Default,Default,Default,Default,Default,Default,Default,Default,Default,DefaultJob,"InputFile=(Samples/dbpediaTriX.zip, TriX)",1,Workload,Actual,9,310705900,1,310705900
SerializerReadBenchmark.Read,RDFSharp.Benchmarks,SerializerReadBenchmark,Read,DefaultJob,Default,Default,Default,Default,Default,Default,Default,Default,Default,Default,Default,Default,Default,Default,Default,Default,Default,Default,Default,Default,Default,Default,Default,Default,Default,Default,Default,Default,Default,Default,Default,Default,Default,Default,Default,Default,Default,Default,Default,Default,DefaultJob,"InputFile=(Samples/dbpediaTriX.zip, TriX)",1,Workload,Actual,10,307055300,1,307055300
SerializerReadBenchmark.Read,RDFSharp.Benchmarks,SerializerReadBenchmark,Read,DefaultJob,Default,Default,Default,Default,Default,Default,Default,Default,Default,Default,Default,Default,Default,Default,Default,Default,Default,Default,Default,Default,Default,Default,Default,Default,Default,Default,Default,Default,Default,Default,Default,Default,Default,Default,Default,Default,Default,Default,Default,Default,DefaultJob,"InputFile=(Samples/dbpediaTriX.zip, TriX)",1,Workload,Actual,11,313026500,1,313026500
SerializerReadBenchmark.Read,RDFSharp.Benchmarks,SerializerReadBenchmark,Read,DefaultJob,Default,Default,Default,Default,Default,Default,Default,Default,Default,Default,Default,Default,Default,Default,Default,Default,Default,Default,Default,Default,Default,Default,Default,Default,Default,Default,Default,Default,Default,Default,Default,Default,Default,Default,Default,Default,Default,Default,Default,Default,DefaultJob,"InputFile=(Samples/dbpediaTriX.zip, TriX)",1,Workload,Actual,12,307341400,1,307341400
SerializerReadBenchmark.Read,RDFSharp.Benchmarks,SerializerReadBenchmark,Read,DefaultJob,Default,Default,Default,Default,Default,Default,Default,Default,Default,Default,Default,Default,Default,Default,Default,Default,Default,Default,Default,Default,Default,Default,Default,Default,Default,Default,Default,Default,Default,Default,Default,Default,Default,Default,Default,Default,Default,Default,Default,Default,DefaultJob,"InputFile=(Samples/dbpediaTriX.zip, TriX)",1,Workload,Actual,13,305991700,1,305991700
SerializerReadBenchmark.Read,RDFSharp.Benchmarks,SerializerReadBenchmark,Read,DefaultJob,Default,Default,Default,Default,Default,Default,Default,Default,Default,Default,Default,Default,Default,Default,Default,Default,Default,Default,Default,Default,Default,Default,Default,Default,Default,Default,Default,Default,Default,Default,Default,Default,Default,Default,Default,Default,Default,Default,Default,Default,DefaultJob,"InputFile=(Samples/dbpediaTriX.zip, TriX)",1,Workload,Actual,14,314405500,1,314405500
SerializerReadBenchmark.Read,RDFSharp.Benchmarks,SerializerReadBenchmark,Read,DefaultJob,Default,Default,Default,Default,Default,Default,Default,Default,Default,Default,Default,Default,Default,Default,Default,Default,Default,Default,Default,Default,Default,Default,Default,Default,Default,Default,Default,Default,Default,Default,Default,Default,Default,Default,Default,Default,Default,Default,Default,Default,DefaultJob,"InputFile=(Samples/dbpediaTriX.zip, TriX)",1,Workload,Actual,15,305800400,1,305800400
SerializerReadBenchmark.Read,RDFSharp.Benchmarks,SerializerReadBenchmark,Read,DefaultJob,Default,Default,Default,Default,Default,Default,Default,Default,Default,Default,Default,Default,Default,Default,Default,Default,Default,Default,Default,Default,Default,Default,Default,Default,Default,Default,Default,Default,Default,Default,Default,Default,Default,Default,Default,Default,Default,Default,Default,Default,DefaultJob,"InputFile=(Samples/dbpediaTriX.zip, TriX)",1,Workload,Result,1,305152300,1,305152300
SerializerReadBenchmark.Read,RDFSharp.Benchmarks,SerializerReadBenchmark,Read,DefaultJob,Default,Default,Default,Default,Default,Default,Default,Default,Default,Default,Default,Default,Default,Default,Default,Default,Default,Default,Default,Default,Default,Default,Default,Default,Default,Default,Default,Default,Default,Default,Default,Default,Default,Default,Default,Default,Default,Default,Default,Default,DefaultJob,"InputFile=(Samples/dbpediaTriX.zip, TriX)",1,Workload,Result,2,306893000,1,306893000
SerializerReadBenchmark.Read,RDFSharp.Benchmarks,SerializerReadBenchmark,Read,DefaultJob,Default,Default,Default,Default,Default,Default,Default,Default,Default,Default,Default,Default,Default,Default,Default,Default,Default,Default,Default,Default,Default,Default,Default,Default,Default,Default,Default,Default,Default,Default,Default,Default,Default,Default,Default,Default,Default,Default,Default,Default,DefaultJob,"InputFile=(Samples/dbpediaTriX.zip, TriX)",1,Workload,Result,3,308853900,1,308853900
SerializerReadBenchmark.Read,RDFSharp.Benchmarks,SerializerReadBenchmark,Read,DefaultJob,Default,Default,Default,Default,Default,Default,Default,Default,Default,Default,Default,Default,Default,Default,Default,Default,Default,Default,Default,Default,Default,Default,Default,Default,Default,Default,Default,Default,Default,Default,Default,Default,Default,Default,Default,Default,Default,Default,Default,Default,DefaultJob,"InputFile=(Samples/dbpediaTriX.zip, TriX)",1,Workload,Result,4,301978900,1,301978900
SerializerReadBenchmark.Read,RDFSharp.Benchmarks,SerializerReadBenchmark,Read,DefaultJob,Default,Default,Default,Default,Default,Default,Default,Default,Default,Default,Default,Default,Default,Default,Default,Default,Default,Default,Default,Default,Default,Default,Default,Default,Default,Default,Default,Default,Default,Default,Default,Default,Default,Default,Default,Default,Default,Default,Default,Default,DefaultJob,"InputFile=(Samples/dbpediaTriX.zip, TriX)",1,Workload,Result,5,308555700,1,308555700
SerializerReadBenchmark.Read,RDFSharp.Benchmarks,SerializerReadBenchmark,Read,DefaultJob,Default,Default,Default,Default,Default,Default,Default,Default,Default,Default,Default,Default,Default,Default,Default,Default,Default,Default,Default,Default,Default,Default,Default,Default,Default,Default,Default,Default,Default,Default,Default,Default,Default,Default,Default,Default,Default,Default,Default,Default,DefaultJob,"InputFile=(Samples/dbpediaTriX.zip, TriX)",1,Workload,Result,6,306084700,1,306084700
SerializerReadBenchmark.Read,RDFSharp.Benchmarks,SerializerReadBenchmark,Read,DefaultJob,Default,Default,Default,Default,Default,Default,Default,Default,Default,Default,Default,Default,Default,Default,Default,Default,Default,Default,Default,Default,Default,Default,Default,Default,Default,Default,Default,Default,Default,Default,Default,Default,Default,Default,Default,Default,Default,Default,Default,Default,DefaultJob,"InputFile=(Samples/dbpediaTriX.zip, TriX)",1,Workload,Result,7,313442900,1,313442900
SerializerReadBenchmark.Read,RDFSharp.Benchmarks,SerializerReadBenchmark,Read,DefaultJob,Default,Default,Default,Default,Default,Default,Default,Default,Default,Default,Default,Default,Default,Default,Default,Default,Default,Default,Default,Default,Default,Default,Default,Default,Default,Default,Default,Default,Default,Default,Default,Default,Default,Default,Default,Default,Default,Default,Default,Default,DefaultJob,"InputFile=(Samples/dbpediaTriX.zip, TriX)",1,Workload,Result,8,304520400,1,304520400
SerializerReadBenchmark.Read,RDFSharp.Benchmarks,SerializerReadBenchmark,Read,DefaultJob,Default,Default,Default,Default,Default,Default,Default,Default,Default,Default,Default,Default,Default,Default,Default,Default,Default,Default,Default,Default,Default,Default,Default,Default,Default,Default,Default,Default,Default,Default,Default,Default,Default,Default,Default,Default,Default,Default,Default,Default,DefaultJob,"InputFile=(Samples/dbpediaTriX.zip, TriX)",1,Workload,Result,9,310705900,1,310705900
SerializerReadBenchmark.Read,RDFSharp.Benchmarks,SerializerReadBenchmark,Read,DefaultJob,Default,Default,Default,Default,Default,Default,Default,Default,Default,Default,Default,Default,Default,Default,Default,Default,Default,Default,Default,Default,Default,Default,Default,Default,Default,Default,Default,Default,Default,Default,Default,Default,Default,Default,Default,Default,Default,Default,Default,Default,DefaultJob,"InputFile=(Samples/dbpediaTriX.zip, TriX)",1,Workload,Result,10,307055300,1,307055300
SerializerReadBenchmark.Read,RDFSharp.Benchmarks,SerializerReadBenchmark,Read,DefaultJob,Default,Default,Default,Default,Default,Default,Default,Default,Default,Default,Default,Default,Default,Default,Default,Default,Default,Default,Default,Default,Default,Default,Default,Default,Default,Default,Default,Default,Default,Default,Default,Default,Default,Default,Default,Default,Default,Default,Default,Default,DefaultJob,"InputFile=(Samples/dbpediaTriX.zip, TriX)",1,Workload,Result,11,313026500,1,313026500
SerializerReadBenchmark.Read,RDFSharp.Benchmarks,SerializerReadBenchmark,Read,DefaultJob,Default,Default,Default,Default,Default,Default,Default,Default,Default,Default,Default,Default,Default,Default,Default,Default,Default,Default,Default,Default,Default,Default,Default,Default,Default,Default,Default,Default,Default,Default,Default,Default,Default,Default,Default,Default,Default,Default,Default,Default,DefaultJob,"InputFile=(Samples/dbpediaTriX.zip, TriX)",1,Workload,Result,12,307341400,1,307341400
SerializerReadBenchmark.Read,RDFSharp.Benchmarks,SerializerReadBenchmark,Read,DefaultJob,Default,Default,Default,Default,Default,Default,Default,Default,Default,Default,Default,Default,Default,Default,Default,Default,Default,Default,Default,Default,Default,Default,Default,Default,Default,Default,Default,Default,Default,Default,Default,Default,Default,Default,Default,Default,Default,Default,Default,Default,DefaultJob,"InputFile=(Samples/dbpediaTriX.zip, TriX)",1,Workload,Result,13,305991700,1,305991700
SerializerReadBenchmark.Read,RDFSharp.Benchmarks,SerializerReadBenchmark,Read,DefaultJob,Default,Default,Default,Default,Default,Default,Default,Default,Default,Default,Default,Default,Default,Default,Default,Default,Default,Default,Default,Default,Default,Default,Default,Default,Default,Default,Default,Default,Default,Default,Default,Default,Default,Default,Default,Default,Default,Default,Default,Default,DefaultJob,"InputFile=(Samples/dbpediaTriX.zip, TriX)",1,Workload,Result,14,314405500,1,314405500
SerializerReadBenchmark.Read,RDFSharp.Benchmarks,SerializerReadBenchmark,Read,DefaultJob,Default,Default,Default,Default,Default,Default,Default,Default,Default,Default,Default,Default,Default,Default,Default,Default,Default,Default,Default,Default,Default,Default,Default,Default,Default,Default,Default,Default,Default,Default,Default,Default,Default,Default,Default,Default,Default,Default,Default,Default,DefaultJob,"InputFile=(Samples/dbpediaTriX.zip, TriX)",1,Workload,Result,15,305800400,1,305800400
SerializerReadBenchmark.Read,RDFSharp.Benchmarks,SerializerReadBenchmark,Read,DefaultJob,Default,Default,Default,Default,Default,Default,Default,Default,Default,Default,Default,Default,Default,Default,Default,Default,Default,Default,Default,Default,Default,Default,Default,Default,Default,Default,Default,Default,Default,Default,Default,Default,Default,Default,Default,Default,Default,Default,Default,Default,DefaultJob,"InputFile=(Samples/dbpediaTurtle.zip, Turtle)",1,Overhead,Jitting,1,247400,1,247400
SerializerReadBenchmark.Read,RDFSharp.Benchmarks,SerializerReadBenchmark,Read,DefaultJob,Default,Default,Default,Default,Default,Default,Default,Default,Default,Default,Default,Default,Default,Default,Default,Default,Default,Default,Default,Default,Default,Default,Default,Default,Default,Default,Default,Default,Default,Default,Default,Default,Default,Default,Default,Default,Default,Default,Default,Default,DefaultJob,"InputFile=(Samples/dbpediaTurtle.zip, Turtle)",1,Workload,Jitting,1,564176800,1,564176800
SerializerReadBenchmark.Read,RDFSharp.Benchmarks,SerializerReadBenchmark,Read,DefaultJob,Default,Default,Default,Default,Default,Default,Default,Default,Default,Default,Default,Default,Default,Default,Default,Default,Default,Default,Default,Default,Default,Default,Default,Default,Default,Default,Default,Default,Default,Default,Default,Default,Default,Default,Default,Default,Default,Default,Default,Default,DefaultJob,"InputFile=(Samples/dbpediaTurtle.zip, Turtle)",1,Workload,Warmup,1,412952800,1,412952800
SerializerReadBenchmark.Read,RDFSharp.Benchmarks,SerializerReadBenchmark,Read,DefaultJob,Default,Default,Default,Default,Default,Default,Default,Default,Default,Default,Default,Default,Default,Default,Default,Default,Default,Default,Default,Default,Default,Default,Default,Default,Default,Default,Default,Default,Default,Default,Default,Default,Default,Default,Default,Default,Default,Default,Default,Default,DefaultJob,"InputFile=(Samples/dbpediaTurtle.zip, Turtle)",1,Workload,Warmup,2,430305000,1,430305000
SerializerReadBenchmark.Read,RDFSharp.Benchmarks,SerializerReadBenchmark,Read,DefaultJob,Default,Default,Default,Default,Default,Default,Default,Default,Default,Default,Default,Default,Default,Default,Default,Default,Default,Default,Default,Default,Default,Default,Default,Default,Default,Default,Default,Default,Default,Default,Default,Default,Default,Default,Default,Default,Default,Default,Default,Default,DefaultJob,"InputFile=(Samples/dbpediaTurtle.zip, Turtle)",1,Workload,Warmup,3,430519900,1,430519900
SerializerReadBenchmark.Read,RDFSharp.Benchmarks,SerializerReadBenchmark,Read,DefaultJob,Default,Default,Default,Default,Default,Default,Default,Default,Default,Default,Default,Default,Default,Default,Default,Default,Default,Default,Default,Default,Default,Default,Default,Default,Default,Default,Default,Default,Default,Default,Default,Default,Default,Default,Default,Default,Default,Default,Default,Default,DefaultJob,"InputFile=(Samples/dbpediaTurtle.zip, Turtle)",1,Workload,Warmup,4,431653700,1,431653700
SerializerReadBenchmark.Read,RDFSharp.Benchmarks,SerializerReadBenchmark,Read,DefaultJob,Default,Default,Default,Default,Default,Default,Default,Default,Default,Default,Default,Default,Default,Default,Default,Default,Default,Default,Default,Default,Default,Default,Default,Default,Default,Default,Default,Default,Default,Default,Default,Default,Default,Default,Default,Default,Default,Default,Default,Default,DefaultJob,"InputFile=(Samples/dbpediaTurtle.zip, Turtle)",1,Workload,Warmup,5,420487100,1,420487100
SerializerReadBenchmark.Read,RDFSharp.Benchmarks,SerializerReadBenchmark,Read,DefaultJob,Default,Default,Default,Default,Default,Default,Default,Default,Default,Default,Default,Default,Default,Default,Default,Default,Default,Default,Default,Default,Default,Default,Default,Default,Default,Default,Default,Default,Default,Default,Default,Default,Default,Default,Default,Default,Default,Default,Default,Default,DefaultJob,"InputFile=(Samples/dbpediaTurtle.zip, Turtle)",1,Workload,Warmup,6,404003600,1,404003600
SerializerReadBenchmark.Read,RDFSharp.Benchmarks,SerializerReadBenchmark,Read,DefaultJob,Default,Default,Default,Default,Default,Default,Default,Default,Default,Default,Default,Default,Default,Default,Default,Default,Default,Default,Default,Default,Default,Default,Default,Default,Default,Default,Default,Default,Default,Default,Default,Default,Default,Default,Default,Default,Default,Default,Default,Default,DefaultJob,"InputFile=(Samples/dbpediaTurtle.zip, Turtle)",1,Workload,Warmup,7,422259200,1,422259200
SerializerReadBenchmark.Read,RDFSharp.Benchmarks,SerializerReadBenchmark,Read,DefaultJob,Default,Default,Default,Default,Default,Default,Default,Default,Default,Default,Default,Default,Default,Default,Default,Default,Default,Default,Default,Default,Default,Default,Default,Default,Default,Default,Default,Default,Default,Default,Default,Default,Default,Default,Default,Default,Default,Default,Default,Default,DefaultJob,"InputFile=(Samples/dbpediaTurtle.zip, Turtle)",1,Workload,Warmup,8,418787200,1,418787200
SerializerReadBenchmark.Read,RDFSharp.Benchmarks,SerializerReadBenchmark,Read,DefaultJob,Default,Default,Default,Default,Default,Default,Default,Default,Default,Default,Default,Default,Default,Default,Default,Default,Default,Default,Default,Default,Default,Default,Default,Default,Default,Default,Default,Default,Default,Default,Default,Default,Default,Default,Default,Default,Default,Default,Default,Default,DefaultJob,"InputFile=(Samples/dbpediaTurtle.zip, Turtle)",1,Workload,Actual,1,416705600,1,416705600
SerializerReadBenchmark.Read,RDFSharp.Benchmarks,SerializerReadBenchmark,Read,DefaultJob,Default,Default,Default,Default,Default,Default,Default,Default,Default,Default,Default,Default,Default,Default,Default,Default,Default,Default,Default,Default,Default,Default,Default,Default,Default,Default,Default,Default,Default,Default,Default,Default,Default,Default,Default,Default,Default,Default,Default,Default,DefaultJob,"InputFile=(Samples/dbpediaTurtle.zip, Turtle)",1,Workload,Actual,2,417602100,1,417602100
SerializerReadBenchmark.Read,RDFSharp.Benchmarks,SerializerReadBenchmark,Read,DefaultJob,Default,Default,Default,Default,Default,Default,Default,Default,Default,Default,Default,Default,Default,Default,Default,Default,Default,Default,Default,Default,Default,Default,Default,Default,Default,Default,Default,Default,Default,Default,Default,Default,Default,Default,Default,Default,Default,Default,Default,Default,DefaultJob,"InputFile=(Samples/dbpediaTurtle.zip, Turtle)",1,Workload,Actual,3,435479400,1,435479400
SerializerReadBenchmark.Read,RDFSharp.Benchmarks,SerializerReadBenchmark,Read,DefaultJob,Default,Default,Default,Default,Default,Default,Default,Default,Default,Default,Default,Default,Default,Default,Default,Default,Default,Default,Default,Default,Default,Default,Default,Default,Default,Default,Default,Default,Default,Default,Default,Default,Default,Default,Default,Default,Default,Default,Default,Default,DefaultJob,"InputFile=(Samples/dbpediaTurtle.zip, Turtle)",1,Workload,Actual,4,427376300,1,427376300
SerializerReadBenchmark.Read,RDFSharp.Benchmarks,SerializerReadBenchmark,Read,DefaultJob,Default,Default,Default,Default,Default,Default,Default,Default,Default,Default,Default,Default,Default,Default,Default,Default,Default,Default,Default,Default,Default,Default,Default,Default,Default,Default,Default,Default,Default,Default,Default,Default,Default,Default,Default,Default,Default,Default,Default,Default,DefaultJob,"InputFile=(Samples/dbpediaTurtle.zip, Turtle)",1,Workload,Actual,5,424759900,1,424759900
SerializerReadBenchmark.Read,RDFSharp.Benchmarks,SerializerReadBenchmark,Read,DefaultJob,Default,Default,Default,Default,Default,Default,Default,Default,Default,Default,Default,Default,Default,Default,Default,Default,Default,Default,Default,Default,Default,Default,Default,Default,Default,Default,Default,Default,Default,Default,Default,Default,Default,Default,Default,Default,Default,Default,Default,Default,DefaultJob,"InputFile=(Samples/dbpediaTurtle.zip, Turtle)",1,Workload,Actual,6,415977200,1,415977200
SerializerReadBenchmark.Read,RDFSharp.Benchmarks,SerializerReadBenchmark,Read,DefaultJob,Default,Default,Default,Default,Default,Default,Default,Default,Default,Default,Default,Default,Default,Default,Default,Default,Default,Default,Default,Default,Default,Default,Default,Default,Default,Default,Default,Default,Default,Default,Default,Default,Default,Default,Default,Default,Default,Default,Default,Default,DefaultJob,"InputFile=(Samples/dbpediaTurtle.zip, Turtle)",1,Workload,Actual,7,420684600,1,420684600
SerializerReadBenchmark.Read,RDFSharp.Benchmarks,SerializerReadBenchmark,Read,DefaultJob,Default,Default,Default,Default,Default,Default,Default,Default,Default,Default,Default,Default,Default,Default,Default,Default,Default,Default,Default,Default,Default,Default,Default,Default,Default,Default,Default,Default,Default,Default,Default,Default,Default,Default,Default,Default,Default,Default,Default,Default,DefaultJob,"InputFile=(Samples/dbpediaTurtle.zip, Turtle)",1,Workload,Actual,8,422625800,1,422625800
SerializerReadBenchmark.Read,RDFSharp.Benchmarks,SerializerReadBenchmark,Read,DefaultJob,Default,Default,Default,Default,Default,Default,Default,Default,Default,Default,Default,Default,Default,Default,Default,Default,Default,Default,Default,Default,Default,Default,Default,Default,Default,Default,Default,Default,Default,Default,Default,Default,Default,Default,Default,Default,Default,Default,Default,Default,DefaultJob,"InputFile=(Samples/dbpediaTurtle.zip, Turtle)",1,Workload,Actual,9,418958500,1,418958500
SerializerReadBenchmark.Read,RDFSharp.Benchmarks,SerializerReadBenchmark,Read,DefaultJob,Default,Default,Default,Default,Default,Default,Default,Default,Default,Default,Default,Default,Default,Default,Default,Default,Default,Default,Default,Default,Default,Default,Default,Default,Default,Default,Default,Default,Default,Default,Default,Default,Default,Default,Default,Default,Default,Default,Default,Default,DefaultJob,"InputFile=(Samples/dbpediaTurtle.zip, Turtle)",1,Workload,Actual,10,415964600,1,415964600
SerializerReadBenchmark.Read,RDFSharp.Benchmarks,SerializerReadBenchmark,Read,DefaultJob,Default,Default,Default,Default,Default,Default,Default,Default,Default,Default,Default,Default,Default,Default,Default,Default,Default,Default,Default,Default,Default,Default,Default,Default,Default,Default,Default,Default,Default,Default,Default,Default,Default,Default,Default,Default,Default,Default,Default,Default,DefaultJob,"InputFile=(Samples/dbpediaTurtle.zip, Turtle)",1,Workload,Actual,11,407561700,1,407561700
SerializerReadBenchmark.Read,RDFSharp.Benchmarks,SerializerReadBenchmark,Read,DefaultJob,Default,Default,Default,Default,Default,Default,Default,Default,Default,Default,Default,Default,Default,Default,Default,Default,Default,Default,Default,Default,Default,Default,Default,Default,Default,Default,Default,Default,Default,Default,Default,Default,Default,Default,Default,Default,Default,Default,Default,Default,DefaultJob,"InputFile=(Samples/dbpediaTurtle.zip, Turtle)",1,Workload,Actual,12,413917000,1,413917000
SerializerReadBenchmark.Read,RDFSharp.Benchmarks,SerializerReadBenchmark,Read,DefaultJob,Default,Default,Default,Default,Default,Default,Default,Default,Default,Default,Default,Default,Default,Default,Default,Default,Default,Default,Default,Default,Default,Default,Default,Default,Default,Default,Default,Default,Default,Default,Default,Default,Default,Default,Default,Default,Default,Default,Default,Default,DefaultJob,"InputFile=(Samples/dbpediaTurtle.zip, Turtle)",1,Workload,Actual,13,422173900,1,422173900
SerializerReadBenchmark.Read,RDFSharp.Benchmarks,SerializerReadBenchmark,Read,DefaultJob,Default,Default,Default,Default,Default,Default,Default,Default,Default,Default,Default,Default,Default,Default,Default,Default,Default,Default,Default,Default,Default,Default,Default,Default,Default,Default,Default,Default,Default,Default,Default,Default,Default,Default,Default,Default,Default,Default,Default,Default,DefaultJob,"InputFile=(Samples/dbpediaTurtle.zip, Turtle)",1,Workload,Actual,14,422054100,1,422054100
SerializerReadBenchmark.Read,RDFSharp.Benchmarks,SerializerReadBenchmark,Read,DefaultJob,Default,Default,Default,Default,Default,Default,Default,Default,Default,Default,Default,Default,Default,Default,Default,Default,Default,Default,Default,Default,Default,Default,Default,Default,Default,Default,Default,Default,Default,Default,Default,Default,Default,Default,Default,Default,Default,Default,Default,Default,DefaultJob,"InputFile=(Samples/dbpediaTurtle.zip, Turtle)",1,Workload,Actual,15,421372100,1,421372100
SerializerReadBenchmark.Read,RDFSharp.Benchmarks,SerializerReadBenchmark,Read,DefaultJob,Default,Default,Default,Default,Default,Default,Default,Default,Default,Default,Default,Default,Default,Default,Default,Default,Default,Default,Default,Default,Default,Default,Default,Default,Default,Default,Default,Default,Default,Default,Default,Default,Default,Default,Default,Default,Default,Default,Default,Default,DefaultJob,"InputFile=(Samples/dbpediaTurtle.zip, Turtle)",1,Workload,Result,1,416705600,1,416705600
SerializerReadBenchmark.Read,RDFSharp.Benchmarks,SerializerReadBenchmark,Read,DefaultJob,Default,Default,Default,Default,Default,Default,Default,Default,Default,Default,Default,Default,Default,Default,Default,Default,Default,Default,Default,Default,Default,Default,Default,Default,Default,Default,Default,Default,Default,Default,Default,Default,Default,Default,Default,Default,Default,Default,Default,Default,DefaultJob,"InputFile=(Samples/dbpediaTurtle.zip, Turtle)",1,Workload,Result,2,417602100,1,417602100
SerializerReadBenchmark.Read,RDFSharp.Benchmarks,SerializerReadBenchmark,Read,DefaultJob,Default,Default,Default,Default,Default,Default,Default,Default,Default,Default,Default,Default,Default,Default,Default,Default,Default,Default,Default,Default,Default,Default,Default,Default,Default,Default,Default,Default,Default,Default,Default,Default,Default,Default,Default,Default,Default,Default,Default,Default,DefaultJob,"InputFile=(Samples/dbpediaTurtle.zip, Turtle)",1,Workload,Result,3,427376300,1,427376300
SerializerReadBenchmark.Read,RDFSharp.Benchmarks,SerializerReadBenchmark,Read,DefaultJob,Default,Default,Default,Default,Default,Default,Default,Default,Default,Default,Default,Default,Default,Default,Default,Default,Default,Default,Default,Default,Default,Default,Default,Default,Default,Default,Default,Default,Default,Default,Default,Default,Default,Default,Default,Default,Default,Default,Default,Default,DefaultJob,"InputFile=(Samples/dbpediaTurtle.zip, Turtle)",1,Workload,Result,4,424759900,1,424759900
SerializerReadBenchmark.Read,RDFSharp.Benchmarks,SerializerReadBenchmark,Read,DefaultJob,Default,Default,Default,Default,Default,Default,Default,Default,Default,Default,Default,Default,Default,Default,Default,Default,Default,Default,Default,Default,Default,Default,Default,Default,Default,Default,Default,Default,Default,Default,Default,Default,Default,Default,Default,Default,Default,Default,Default,Default,DefaultJob,"InputFile=(Samples/dbpediaTurtle.zip, Turtle)",1,Workload,Result,5,415977200,1,415977200
SerializerReadBenchmark.Read,RDFSharp.Benchmarks,SerializerReadBenchmark,Read,DefaultJob,Default,Default,Default,Default,Default,Default,Default,Default,Default,Default,Default,Default,Default,Default,Default,Default,Default,Default,Default,Default,Default,Default,Default,Default,Default,Default,Default,Default,Default,Default,Default,Default,Default,Default,Default,Default,Default,Default,Default,Default,DefaultJob,"InputFile=(Samples/dbpediaTurtle.zip, Turtle)",1,Workload,Result,6,420684600,1,420684600
SerializerReadBenchmark.Read,RDFSharp.Benchmarks,SerializerReadBenchmark,Read,DefaultJob,Default,Default,Default,Default,Default,Default,Default,Default,Default,Default,Default,Default,Default,Default,Default,Default,Default,Default,Default,Default,Default,Default,Default,Default,Default,Default,Default,Default,Default,Default,Default,Default,Default,Default,Default,Default,Default,Default,Default,Default,DefaultJob,"InputFile=(Samples/dbpediaTurtle.zip, Turtle)",1,Workload,Result,7,422625800,1,422625800
SerializerReadBenchmark.Read,RDFSharp.Benchmarks,SerializerReadBenchmark,Read,DefaultJob,Default,Default,Default,Default,Default,Default,Default,Default,Default,Default,Default,Default,Default,Default,Default,Default,Default,Default,Default,Default,Default,Default,Default,Default,Default,Default,Default,Default,Default,Default,Default,Default,Default,Default,Default,Default,Default,Default,Default,Default,DefaultJob,"InputFile=(Samples/dbpediaTurtle.zip, Turtle)",1,Workload,Result,8,418958500,1,418958500
SerializerReadBenchmark.Read,RDFSharp.Benchmarks,SerializerReadBenchmark,Read,DefaultJob,Default,Default,Default,Default,Default,Default,Default,Default,Default,Default,Default,Default,Default,Default,Default,Default,Default,Default,Default,Default,Default,Default,Default,Default,Default,Default,Default,Default,Default,Default,Default,Default,Default,Default,Default,Default,Default,Default,Default,Default,DefaultJob,"InputFile=(Samples/dbpediaTurtle.zip, Turtle)",1,Workload,Result,9,415964600,1,415964600
SerializerReadBenchmark.Read,RDFSharp.Benchmarks,SerializerReadBenchmark,Read,DefaultJob,Default,Default,Default,Default,Default,Default,Default,Default,Default,Default,Default,Default,Default,Default,Default,Default,Default,Default,Default,Default,Default,Default,Default,Default,Default,Default,Default,Default,Default,Default,Default,Default,Default,Default,Default,Default,Default,Default,Default,Default,DefaultJob,"InputFile=(Samples/dbpediaTurtle.zip, Turtle)",1,Workload,Result,10,407561700,1,407561700
SerializerReadBenchmark.Read,RDFSharp.Benchmarks,SerializerReadBenchmark,Read,DefaultJob,Default,Default,Default,Default,Default,Default,Default,Default,Default,Default,Default,Default,Default,Default,Default,Default,Default,Default,Default,Default,Default,Default,Default,Default,Default,Default,Default,Default,Default,Default,Default,Default,Default,Default,Default,Default,Default,Default,Default,Default,DefaultJob,"InputFile=(Samples/dbpediaTurtle.zip, Turtle)",1,Workload,Result,11,413917000,1,413917000
SerializerReadBenchmark.Read,RDFSharp.Benchmarks,SerializerReadBenchmark,Read,DefaultJob,Default,Default,Default,Default,Default,Default,Default,Default,Default,Default,Default,Default,Default,Default,Default,Default,Default,Default,Default,Default,Default,Default,Default,Default,Default,Default,Default,Default,Default,Default,Default,Default,Default,Default,Default,Default,Default,Default,Default,Default,DefaultJob,"InputFile=(Samples/dbpediaTurtle.zip, Turtle)",1,Workload,Result,12,422173900,1,422173900
SerializerReadBenchmark.Read,RDFSharp.Benchmarks,SerializerReadBenchmark,Read,DefaultJob,Default,Default,Default,Default,Default,Default,Default,Default,Default,Default,Default,Default,Default,Default,Default,Default,Default,Default,Default,Default,Default,Default,Default,Default,Default,Default,Default,Default,Default,Default,Default,Default,Default,Default,Default,Default,Default,Default,Default,Default,DefaultJob,"InputFile=(Samples/dbpediaTurtle.zip, Turtle)",1,Workload,Result,13,422054100,1,422054100
SerializerReadBenchmark.Read,RDFSharp.Benchmarks,SerializerReadBenchmark,Read,DefaultJob,Default,Default,Default,Default,Default,Default,Default,Default,Default,Default,Default,Default,Default,Default,Default,Default,Default,Default,Default,Default,Default,Default,Default,Default,Default,Default,Default,Default,Default,Default,Default,Default,Default,Default,Default,Default,Default,Default,Default,Default,DefaultJob,"InputFile=(Samples/dbpediaTurtle.zip, Turtle)",1,Workload,Result,14,421372100,1,421372100
